-- phpMyAdmin SQL Dump
-- version 5.2.1
-- https://www.phpmyadmin.net/
--
-- Host: 127.0.0.1
-- Generation Time: Dec 07, 2023 at 04:19 AM
-- Server version: 10.4.28-MariaDB
-- PHP Version: 8.2.4

SET SQL_MODE = "NO_AUTO_VALUE_ON_ZERO";
START TRANSACTION;
SET time_zone = "+00:00";


/*!40101 SET @OLD_CHARACTER_SET_CLIENT=@@CHARACTER_SET_CLIENT */;
/*!40101 SET @OLD_CHARACTER_SET_RESULTS=@@CHARACTER_SET_RESULTS */;
/*!40101 SET @OLD_COLLATION_CONNECTION=@@COLLATION_CONNECTION */;
/*!40101 SET NAMES utf8mb4 */;

--
-- Database: `berita`
--

-- --------------------------------------------------------

--
-- Table structure for table `author`
--

CREATE TABLE `author` (
  `id` int(11) NOT NULL,
  `nama_author` varchar(100) NOT NULL
) ENGINE=InnoDB DEFAULT CHARSET=utf8mb4 COLLATE=utf8mb4_general_ci;

--
-- Dumping data for table `author`
--

INSERT INTO `author` (`id`, `nama_author`) VALUES
(1, 'Albert Radja Sihite'),
(2, 'Mohamad Egi Rahayu'),
(3, 'Hafiz Raka Pradana'),
(4, 'Anggun Wulan Sari');

-- --------------------------------------------------------

--
-- Table structure for table `category`
--

CREATE TABLE `category` (
  `id` int(11) NOT NULL,
  `nama_category` varchar(50) NOT NULL
) ENGINE=InnoDB DEFAULT CHARSET=utf8mb4 COLLATE=utf8mb4_general_ci;

--
-- Dumping data for table `category`
--

INSERT INTO `category` (`id`, `nama_category`) VALUES
(1, 'E-Sport'),
(2, 'Technology'),
(3, 'Film'),
(4, 'Politic'),
(5, 'Otomotif'),
(6, 'Sport');

-- --------------------------------------------------------

--
-- Table structure for table `comment`
--

CREATE TABLE `comment` (
  `id` int(11) NOT NULL,
  `parent_id` int(11) DEFAULT NULL,
  `comment` text NOT NULL,
  `tanggal` timestamp NOT NULL DEFAULT current_timestamp() ON UPDATE current_timestamp(),
  `user_id` int(11) NOT NULL,
  `post_id` int(11) NOT NULL
) ENGINE=InnoDB DEFAULT CHARSET=utf8mb4 COLLATE=utf8mb4_general_ci;

--
-- Dumping data for table `comment`
--

INSERT INTO `comment` (`id`, `parent_id`, `comment`, `tanggal`, `user_id`, `post_id`) VALUES
(1, 0, 'Test Komen', '2023-12-04 06:18:32', 2, 1),
(3, 0, 'test komen 2', '2023-12-04 06:18:37', 2, 1),
(23, 3, 'test reply', '2023-12-05 06:29:43', 2, 1),
(38, 1, 'contoh', '2023-12-06 04:41:02', 2, 1),
(43, 0, 'wow', '2023-12-06 06:30:39', 2, 2);

-- --------------------------------------------------------

--
-- Table structure for table `posts`
--

CREATE TABLE `posts` (
  `id` int(11) NOT NULL,
  `judul` varchar(200) NOT NULL,
  `img` varchar(50) NOT NULL,
  `body` text NOT NULL,
  `publish` date NOT NULL,
  `category_id` int(11) NOT NULL,
  `author_id` int(11) NOT NULL
) ENGINE=InnoDB DEFAULT CHARSET=utf8mb4 COLLATE=utf8mb4_general_ci;

--
-- Dumping data for table `posts`
--

INSERT INTO `posts` (`id`, `judul`, `img`, `body`, `publish`, `category_id`, `author_id`) VALUES
(1, 'Perjalanan EVOS Legends Jadi Juara Dunia Mobile Legends M1 World Championship 2019', 'EVOS M1.jpg', 'Kejuaraan dunia Mobile Legends M1 Bang Bang World Championship 2019 yang diselenggarakan di Axiata Arena, Kuala Lumpur, Malaysia, berhasil dimenangi oleh tim asal Indonesia, EVOS Legends. Keberhasilan tersebut dicapai seusai EVOS Legends mengalahkan sesama tim esports Indonesia lainnya, yakni Req Requm Qeon (RRQ), dengan skor tipis 4-3 pada partai grand final best of seven.\r\n\r\nHal ini membuktikan bahwa Indonesia menguasai turnamen Mobile Legends Bang Bang. \r\n\r\nPerjalanan tim esports EVOS Legends untuk meraih juara dunia di Mobile Legends M1 Bang Bang World Championship ini dimulai ketika mereka berhasil menguasai puncak klasemen fase grup. \r\n\r\nSetelah lolos dari fase grup, tim esports EVOS Legends menghadapi tim asal Myanmar, Burmese Ghouls, dengan meraih kemenangan dengan skor 2-0. \r\n\r\nPada pertandingan selanjutnya tim esports, EVOS Legends bertemu dengan sesama perwakilan Indonesia lainnya dalam babak semifinal, Req Requm Qeon (RRQ). EVOS Legends meraih kemenangan skor 3-0 pada Sabtu (16/11/2019).\r\n\r\nPada partai grand final yang dihelat di Axiata Arena itu, EVOS Legends bertemu kembali dengan Req Requm Qeon (RRQ). \r\n\r\nRRQ ke partai puncak karena berhasil mengalahkan tim esports asal Malaysia, Todak, di final lower bracket dengan skor 3-1. \r\n\r\nEVOS Legends dan Req Requm Qeon (RRQ) merupakan dua perwakilan Indonesia yang berhasil melaju sampai grand final M1 World Championship. \r\n\r\nHal ini pun membuktikan kekuatan Merah Putih dalam sebuah turnamen Mobile Legends Bang Bang.\r\n', '2019-11-18', 1, 2),
(2, 'Real Madrid Juara Liga Champions 2021/2022', 'Real Madrid UCL 14.jpg', 'Real Madrid berhasil menjadi juara Liga Champions 2021/2022. Los Blancos meraihnya setelah menumbangkan Liverpool 1-0.\r\n\r\nLiverpool vs Real Madrid tersaji di Stade de France, Minggu (29/5/2022) dini hari WIB. Si Merah bermain sangat dominan di babak pertama dengan banyak menekan Los Blancos.\r\n\r\nAlih-alih mencetak gol, Liverpool malah nyaris tertinggal sebelum turun minum. Karim Benzema mampu merobek gawang Liverpool, namun gol itu dianulir karena berbau offside.\r\n\r\nBabak kedua menjadi milik Real Madrid. Anak asuh Carlo Ancelotti mampu mengambil momen dan memimpin 1-0 lewat Vinicius Junior di menit ke-59.\r\n\r\nGol itu membuat duel berjalan makin seru. Madrid tidak bermain bertahan dan Liverpool sangat agresif menyerang sampai mampu membuat peluang emas, namun Thibaut Courtois tampil gemilang.\r\n\r\nTak ada gol tambahan sampai laga tuntas. Real Madrid keluar sebagai juara Liga Champions 2021/2022.\r\n\r\nIni menjadi gelar Liga Champions yang ke-14 bagi Real Madrid. Gelar sebelumnya didapat Madrid juga saat mengalahkan Liverpool.\r\n\r\nKedua tim secara total sudah tiga kali bertemu di final Liga Champions. Liverpool memenangi pertemuan pertama yang berlangsung pada musim 1980/1981. Saat bertanding di Parc des Princes, Si Merah menang 1-0 berkat gol Alan Kennedy.\r\n\r\nMadrid kemudian membalas pada 2018. Saat bertanding di NSC Olimpiyskiy Stadium, Kiev, Ukraina, Los Merengues menang dengan skor akhir 3-1.', '2022-05-29', 6, 2),
(3, 'Sinopsis One Piece Film: Red, Pengakuan Mengejutkan Uta', 'One Piece Red.jpg', 'One Piece Film: Red adalah film terbaru dari anime asal Jepang One Piece yang akan rilis di Indonesia September mendatang. \r\n\r\nFilm ini merupakan garapan dari sutradara Goro Taniguchi. \r\n\r\nPengisi suara dalam film ini dibintangi oleh Kaori Nazuka, Mayumi Tanaka, Kazuya Nakai, dan Akemi Okamura.\r\n\r\nOne Piece Film: Red mengisahkan tentang seorang penyanyi terkenal bernama Uta.  \r\n\r\nSuatu hari Uta sedang tampil di pulau musik Elegia dan ditonton oleh banyak kelompok bajak laut. \r\n\r\nKelompok topi jerami yang dipimpin oleh Luffy juga ikut menonton di pulau tersebut. \r\n\r\nNamun Uta secara mengejutkan mengumumkan bahwa dia adalah anak dari Shanks si Rambut Merah.  \r\n\r\nPenonton di sana pun terkejut karena Shanks dikenal sebagai kapten bajak laut yang ditakuti. \r\n\r\nBagaimanakah kelanjutan kisahnya? Saksikan One Piece Film: Red yang akan tayang di bioskop September 2022.', '2022-07-26', 3, 2),
(4, 'Team Spirit Juara TI 2023 Dota 2, Bantai Gaimin Gladiators 3-0', 'Team Spirit TI 12.jpeg', 'Gelaran kompetisi internasional Dota 2 besutan Valve resmi berakhir. Team Spirit menjadi juara TI 2023, setelah mengalahkan Gaimin Gladiators.\r\n\r\nPertandingannya diselenggarakan secara offline, yang berlokasi di Seattle, Washington, Amerika Serikat. Duel keduanya terjadi tadi malam di babak grand final (29/10).\r\n\r\nTeam Spirit yang saat itu diperkuat oleh Yatoro, Larl, Collapse, Mira, dan Miposhka sukses menguasai jalannya pertandingan. Skor sempurna pun berhasil tercipta, yang mana mereka mampu membantai lawannya 3-0 tanpa balas.\r\n\r\nDengan begitu, ini menjadi gelar juara TI Dota 2 kedua kalinya bagi Team Spirit. Sebelumnya mereka pernah mendapatkannya di TI 2021, ketika total hadiahnya menjadi yang terbesar sepanjang sejarah turnamen esports.\r\n\r\nBerbeda dengan TI 2023, kali ini Sang Jawara hanya mendapatkan uang tunai senilai USD 1.416.230 atau sekitar Rp 22,5 miliar. Itu jumlah terbesar yang diterima juaranya, dari total hadiah yang ditawarkan Valve, yakni USD 3.146.853 atau sekitar Rp 50 miliar, dikutip dari Liquipedia, Senin (30/10/2023).\r\n\r\nSedangkan Gaimin Gladiators hanya mendapatkan USD 377.606 atau sekitar Rp 6 miliar. Kendati demikian, yang mendapatkan hadiah uang tunai tidak cuma dua tim tersebut, mengingat 18 partisipan lainnya juga mendapatkan uang dengan jumlah berbeda-beda.\r\n\r\n1. Team Spirit - USD 1.416.230 atau sekitar Rp 22,5 miliar\r\n2. Gaimin Gladiators - USD 377.606 atau sekitar Rp 6 miliar\r\n3. LGD Gaming - USD 251.807 atau sekitar Rp 4 miliar\r\n4. Azure Ray - USD 173.052 atau sekitar Rp 2,7 miliar\r\n5. Team Liquid - USD 102.329 atau sekitar Rp 1,6 miliar\r\n6. BetBoom Team - USD 102.329 atau sekitar Rp 1,6 miliar\r\n7. Nouns - USD 78.650 atau sekitar Rp 1,2 miliar\r\n8. Virtus.pro - USD 78.650 atau sekitar Rp 1,2 miliar\r\n9. TSM - USD 62.900 atau sekitar Rp 1 miliar\r\n10. 9Pandas - USD 62.900 atau sekitar Rp 1 miliar\r\n11. Talon Esports - USD 62.900 atau sekitar Rp 1 miliar\r\n12. Entity - USD 62.900 atau sekitar Rp 1 miliar\r\n13. Shopify Rebellion - USD 47.253 atau sekitar Rp 752 juta\r\n14. Evil Geniuses - USD 47.253 atau sekitar Rp 752 juta\r\n15. Keyd Stars - USD 47.253 atau sekitar Rp 752 juta\r\n16. Tundra Esports - USD 47.253 atau sekitar Rp 752 juta\r\n17. Team SMG - USD 31.502 atau sekitar Rp 501 juta\r\n18. Thunder Awaken - USD 31.502 atau sekitar Rp 501 juta\r\n19. beastcoast - USD 31.502 atau sekitar Rp 501 juta\r\n20. PSG Quest - USD 31.502 atau sekitar Rp 501 juta', '2023-10-30', 1, 1),
(5, 'Indonesia Resmi Jadi Tuan Rumah Piala Dunia U-17 2023', 'Indonesia Piala Dunia U-17.jpg', 'Indonesia akhirnya resmi menjadi tuan rumah Piala Dunia U-17 yang akan berlangsung mulai 10 November sampai 2 Desember 2023. PSSI akan segera mengumumkan siapa pelatih, pemain dan juga kota yang akan ditunjuk menjadi tempat digelarnya Piala Dunia U-17 nanti.\r\n\r\nIni menjadi pertama kali Indonesia tampil di Piala Dunia U-17. Timnas Indonesia U-17 akan didaulat untuk menjadi wakil di event sepak bola dunia kelompok umur ini.\r\n\r\nSaat ini, 20 negara sudah dipastikan akan tampil di Piala Dunia U-17. Ada empat negara lagi dari Asia yang masih memperebutkan tiket ke Piala Dunia U-17.\r\n\r\nEmpat negara ini masih bertarung di Piala Asia U-17 yang saat ini berlangsung di Thailand. Saat ini, Piala Asia U-17 sudah memasuki babak perempat final.\r\n\r\nTuan rumah akan menghadapi Korea Selatan. Lalu ada juga Arab Saudi melawan Uzbekistan, Iran vs Yaman dan Jepang melawan Australia.\r\n\r\nEmpat negara yang lolos semifinal dipastikan akan tampil di Piala Dunia U-17. Apakah Thailand bisa menyusul Indonesia sebagai wakil dari Asia?', '2023-06-24', 6, 1),
(6, 'Tayang Hari ini, Yuk Simak Sinopsis Film Black Clover: Sword of the Wizard King', 'Black Clover Wizard King.jpg', 'Harapan para pecinta anime untuk bisa menoton film Black Clover kini terbayar. Mulai Jumat (16/6/2023) film yang diangkat dari manga itu bisa ditonton di Netflix. Seperti apa ceritanya? Yuk, simak sedikit ulasannya!\r\n\r\nBlack Clover: Sword of the Wizard King menceritakan Asta, seorang anak laki-laki yang lahir tanpa memiliki kemampuan sihir. Namun dia berusaha keras menjadi Raja Penyihir dan menggagalkan rencana jahat Raja Penyihir sebelumnya yang mengancam Kerajaan Clover. \r\n\r\nBlack Clover: Sword of the Wizard King merupakan film anime yang diangkat dari manga karya Yuuki Tabata. Naskahnya kemudian ditulis ulang oleh Johnny Onda dan Ai Orii, sementara Ayataka Tenamura menduduki kursi sutradara.\r\n\r\nAsta merupakan bocah lelaki yang lahir di dunia penuh sihir. Namun, tidak seperti kebanyakan orang di dunianya, Asta malah sama sekali tidak memiliki kemampuan sihir.\r\n\r\nAsta juga memiliki seorang saingan, bernama Yuno. Berbeda dengan Asta, Yuno merupakan penyihir jenius pilihan Grimoire berdaun empat yang legendaris. Keduanya bercita-cita menjadi penyihir teratas hingga harus bersaing membuktikan kekuatan.\r\n\r\nAsta dan Yuno pun bersama-sama melawan musuh dan menghadapi semua kesulitan demi menjadi Raja Penyihir. Namun sebelum mendapatkan posisi tersebut, mereka harus menghadapi Raja Penyihir sebelumnya, Conrad Leto.\r\n\r\nConrad Leto merupakan Raja Penyihir yang tiba-tiba melakukan pemberontakan pada Kerajaan Clover. Dia memiliki keinginan menggunakan Pedang Kekaisaran untuk membangkitkan tiga Raja Penyihir yang paling ditakuti dalam sejarah.\r\n\r\nMereka adalah Edward Avalaché, Princia Funnybunny, dan Jester Garandaros. Ketiganya diasingkan.  \r\n\r\nUntuk menghindari masalah besar yang akan dihadapi Kerajaan Clover, Asta dan Yuno berusaha keras menggagalkan aksi Conrad.', '2023-06-16', 3, 1),
(7, 'Onic Esports Juara MPL S12, Tiga Kali Berturut-turut sejak Season 10', 'Onic S12.jpeg', 'Onic Esports imenjuarai Mobile Legends Professional League Indonesia Season 12 (MPL S12), setelah mengalahkan Geek Fam ID di babak grand final yang digelar di Mahaka Square, Kelapa Gading, Jakarta Utara, Minggu (15/10/2023). \r\n\r\nKemenangan Onic Esports ini menjadikan mereka sebagai tim e-sports MLBB pertama di Indonesia yang mendapatkan gelar juara MPL ID selama tiga kali berturut-turut. Onic Esports sebelumnya juga menjuarai MPL S10 dan MPL S11. \r\n\r\nPertandingan di grand final MPL S12 antara Onic Esports dan Geek Fam bisa dibilang cukup alot. Kedua tim bermain dengan performa maksimal, dan saling mengalahkan. \r\n\r\nDengan kemenangan ini, Onic Esports berhak memperoleh hadiah dengan porsi terbesar dari total 336.500 dollar AS (Rp 5 miliar).', '2023-10-16', 1, 3),
(8, 'Bayer Leverkusen Memburu Gelar Bundesliga 2023/2024', 'Bayern Leverkusen.jpg', 'Bayer Leverkusen belum pernah meraih gelar juara Bundesliga. Capaian terbaik mereka sejauh ini adalah runner-up, yang terakhir didapat pada musim 2010/2011 lalu.\r\n\r\nPada musim 2023/2024, Leverkusen mempunyai peluang untuk meraih gelar juara. Sebab, hingga pekan ke-11, Leverkusen berada di puncak klasemen dengan status belum pernah terkalahkan.\r\n\r\nLeverkusen bukan hanya belum pernah kalah di Bundesliga. Sejauh ini, mereka juga sangat solid ketika berlaga di DFB Pokal dan Liga Europa.\r\n\r\nDi bawah kendali pelatih Xabi Alonso, ada harapan bagi Leverkusen untuk meraih trofi. Harapan itu diapungkan oleh gelandang Exequiel Palacios.', '2023-11-15', 6, 3),
(9, 'Review Suzume no Tojimari, Sindiran Keras Makoto Shinkai untuk Masalah Serius di Jepang', 'Suzume.jpg', 'Nama sutradara Makoto Shinkai sudah tak perlu diragukan lagi di dunia anime atau animasi Jepang. \r\n\r\nKarya-karyanya selalu berhasil menuai pujian dari para penikmat film di seluruh dunia. \r\n\r\nNamanya semakin melambung tinggi saat Your Name dirilis pada tahun 2016. \r\n\r\nSetelah kesuksesan besar Your Name, Shinkai merilis Weathering with You pada 2019. \r\n\r\nTiga tahun berselang, sutradara berusia 50 tahun ini kembali dengan karya baru berjudul Suzume no Tojimari. \r\n\r\nJika ditarik ke belakang, Makoto Shinkai memiliki sebuah formula ampuh yang selalu dipertahankan.\r\n\r\nFormula itu adalah pertemuan dua orang asing, penggambaran dunia magis, dan iringan lagu dari RADWIMPS. \r\n\r\nKetiga unsur itu dibalut dengan cerita cinta remaja dan perjalanan yang memadukan keindahan alam, entah itu pelangi, cahaya matahari atau bahkan hujan. \r\n\r\nPola serupa diterapkan kembali oleh Makoto Shinkai dalam cerita Suzume no Tojimari. \r\n\r\nSuzume merupakan seorang anak remaja SMA yang tinggal bersama bibinya setelah ibunya meninggal dunia.\r\n\r\nKehidupan Suzume kemudian berubah saat bertemu dengan Souta yang sedang mencari pintu di tempat-tempat terbengkalai di Jepang. \r\n\r\nSouta sebagai Penutup harus menutup setiap pintu yang terbuka karena akan menyebabkan bencana berupa gempa hingga tsunami. \r\n\r\nSecara jalan cerita, Suzume memiliki alur yang cukup kuat dengan tema utama sebuah perjalanan. \r\n\r\nPerjalanan Suzume dan Souta menutup pintu-pintu bencana memberikan dinamika naik-turun yang terasa bagai rollercoaster.\r\n\r\nFilm ini mengangkat salah satu masalah besar yang memang sangat relevan dengan kehidupan masyarakat Jepang.\r\n\r\nBencana alam berupa gempa bumi dan tsunami merupakan ancaman yang selalu mengintai Negeri Sakura.\r\n\r\nDikutip dari data Japan Meteorological, ada sekitar 3.800 gempa dengan magnitudo 3,0 hingga 3,9 terjadi per tahunnya. \r\n\r\nSelain itu, tempat-tempat terbengkalai atau reruntuhan juga tengah menjadi sorotan bagi Pemerintah Jepang.\r\n\r\nDari jumlah tersebut, 8,49 juta rumah diketahui kosong. Sebagian besar rumah-rumah terbengkalai itu berada di pedesaan atau kota kecil di Jepang. \r\n\r\nSementara di Tokyo, data menyebutkan 1 dari 10 rumah tidak berpenghuni. \r\n\r\nMasalah seserius itu diangkat oleh Makoto Shinkai dalam bingkai cerita Suzume yang sederhana dan juga penuh tawa. \r\n\r\nMeski tak sekuat Your Name, Suzume tetap menjadi sebuah karya menarik dari Makoto Shinkai. \r\n\r\nFilm ini juga membawa beberapa detail kecil yang akan membawa ingatan para penonton pada film-film terdahulunya. \r\n\r\nFilm Suzume no Tojimari sudah bisa dinikmati di bioskop-bioskop di Indonesia.', '2023-03-09', 3, 3),
(10, 'EVOS Phoenix juara FFWS 2022 Bangkok, cetak sejarah baru untuk Macan Putih', 'EVOS Phoenix.jpg', 'EVOS Phoenix berhasil keluar menjadi juara FFWS 2022 Bangkok usai menyalip pemuncak klasemen, VIVO Keyd pada babak Grand Final, Sabtu (26/11).\r\n\r\nKeberhasilan EVOS Phoenix sebagai juara dunia Free Fire untuk kedua kalinya di Bangkok, menandakan tim Macan Putih berhasil mengoleksi 3 gelar juara FFWS 2022 dalam 4 tahun terakhir. Prestasi tersebut menjadi gelar pertama Thailand di tanah sendiri.\r\n\r\nSebelumnya, berbagai tim asal Thailand mencetak gelar juara di dua tempat berbeda. EVOS Phoenix menjadi juara di FFWS 2021 Sentosa, dan Attack All Arround (AAA) menjadi juara di FFWS 2022 Sentosa, menyalip EVOS Phoenix.\r\n\r\nKini, lengkap sudah penantian dari Dlong cs bersama dengan para pasukan Macan Putih lainnya seperti TheCruz, Already, GetHigh, Moshi dan Joena untuk menjadi tim pertama yang meraih gelar juara dunia sebanyak dua kali berturut-turut.', '2022-11-27', 1, 4),
(11, 'Selamat! Barcelona Juara La Liga 2022/2023', 'Barcelona.jpg', 'Barcelona resmi jadi juara La Liga 2022/2023. Hasil itu dipastikan usai merangkum tiga poin pada pekan ke-34. Barcelona menang dengan skor 4-2 atas Espanyol di RCDE Stadium, Senin (16/5/2023) WIB.\n\nEmpat gol Blaugrana dicetak oleh Robert Lewandowski (11\', 40\'), Alejandro Balde (20\'), dan Jules Kounde (53\'). Espanyol sempat membalas dua gol berkat lesakan Javier Puado (73\') dan Joselu (90\').\n\nRaihan poin penuh ini membuat Barcelona sudah mengumpulkan 85 poin dari 34 laga. Jules Kounde dkk unggul 14 angka dari Real Madrid di peringkat ke-2.\n\nDengan empat laga tersisa di musim 2022/2023, Madrid maksimal hanya bisa menambah 12 angka ke koleksi poin mereka. Itu berarti sudah tidak ada kesempatan bagi Madrid mengejar perolehan Barcelona.', '2023-05-15', 6, 4),
(12, 'Sinopsis Ancika 1995, Dia yang Bersama Dilan Setelah Putus Dari Milea', 'Ancika 1995.jpg', 'Ancika 1995 merupakan film Indonesia yang menjadi trilogi dari film Dilan. \r\n\r\nFilm dengan genre romansa remaja ini disutradarai oleh Benni Setiawan berdasarkan novel berjudul sama karya Pidi Baiq. \r\n\r\nFilm ini dibintangi oleh Arbani Yasiz, Zee JKT 48, Yeyen Lidya, Kenes Andari, Irgi fahrezi, Daffa Wardhana, Putri Ziani, dan Sendy Hilman.\r\n\r\nAncika 1995 menceritakan kelanjutan kisah cinta Dilan (Arbani Yasiz) setelah ia putus dengan Milea. \r\n\r\nBerlatar tahun 1995, Dilan yang saat itu tengah berkuliah di Bandung itu pun jatuh cinta dengan Ancika (Zee JKT 48), seorang gadis berusia 17 tahun. \r\n\r\nPada awalnya, Ancika yang selalu diganggu oleh Dilan ini merasa kesal dengannya dan tidak menyukai kehadiran Dilan. \r\n\r\nDi mata Ancika, Dilan adalah sosok laki-laki menyebalkan dan brengsek, yang tidak berharga baginya. \r\n\r\nNamun, Ancika mulai berpikir bahwa Dilan adalah sosok yang menyenangkan ketika mereka mengalami peristiwa yang membuat mereka sering berjumpa.\r\n\r\nHubungan mereka pun semakin dekat, sampai-sampai Dilan seringkali datang ke rumah Ancika untuk membantunya menyelesaikan tugas sekolah. \r\n\r\nLantas, seperti apa kisah percintaan Dilan dengan Ancika? Nantikan film Ancika 1995 di bioskop, segera.', '2023-04-06', 3, 4),
(13, 'Persija Evos Juara PUBG Mobile PMPL ID Fall 2023', 'PJEV PMPL.jpg', 'Tim e-sports Persija Evos (PJEV) menyabet gelar juara PUBG Mobile Pro League Indonesia (PMPL ID) Fall 2023 pada Minggu (18/6/2023).\r\n\r\nPencapaian tim yang digawangi &quot;Luxxy&quot;, &quot;Zuxxy&quot;, &quot;Misery&quot;, &quot;Microboy&quot;, dan &quot;RedFace&quot; ini diperoleh berkat permainan mereka yang cukup Over Powered (OP).\r\n\r\nOP adalah istilah yang biasa dipakai ketika sebuah tim e-sports sangat mendominasi di suatu turnamen atau pertandingan. OP juga biasa dipakai apabila suatu karakter di dalam game memiliki kemampuan yang melebihi karakter-karakter lainnya.\r\n\r\nDalam hal ini, Persija Evos bisa dikatakan OP karena memiliki total perolehan poin yang cukup jauh dari tim-tim peserta PMPL ID Fall 2023 lainnya, yaitu mencapai 529 poin.\r\n\r\nMayoritas tim lainnya memiliki skor di bawah 400 poin, di mana poin tertinggi di bawah PJEV adalah Morph GPX yang ada di posisi kedua dengan perolehan skor 419 poin.\r\n\r\nAdapun perolehan poin Persija Evos yang bisa dibilang sangat tinggi ini diraih berkat performa mereka yang cukup konsisten dan terus berada di 10 besar dalam setiap pertandingan yang tersedia.\r\n\r\nBahkan pada dua pertandingan terakhir, Persija Evos berhasil mendapatkan dua kemenangan (Winner Winner Chicken Dinner/WWCD), sehingga cukup untuk membuat perolehan poin PJEV melesat jauh dari tim-tim lainnya.\r\n\r\nSecara keseluruhan PMPL ID Fall 2023, Persija Evos mendapatkan total 11 WWCD, terbanyak dari tim-tim lainnya yang hanya mendapatkan 1-6 WWCD.\r\n\r\nNah, sebagai juara PMPL ID Fall 2023, Persija Evos berhak mendapatkan porsi hadiah terbesar dari total hadiah 80.000 dollar AS (sekitar Rp 1,1 miliar), yaitu 22.400 dollar AS (sekitar Rp 335 juta).\r\n\r\nPersija Evos juga sebenarnya mendapatkan tiket langsung ke kompetisi lanjutan level Asia Tenggara, yaitu PUBG Mobile Super League Southeast Asia (PMSL) Fall 2023 yang rencananya digelar pada Agustus nanti. \r\n\r\nNamun, karena PJEV sudah mendapatkan tiket ke kompetisi tersebut lebih dulu, slot PMSL Fall 2023 dari PMPL ID Fall 2023 diberikan kepada juara kedua kompetisi ini, yaitu Morph GPX.\r\n\r\nSelengkapnya, simak klasemen akhir PMPL ID Fall 2023, lengkap dengan perolehan poin dan WWCD yang didapatkan masing-masing tim, sebagaimana dirangkum KompasTekno dari Liquipedia, Senin (19/6/2023). \r\n\r\n1. Persija EVOS: 529 poin, 11 WWCD \r\n2. Morph GPX: 419 poin, 6 WWCD \r\n3. BOOM Esports: 411 poin, 5 WWCD \r\n4. Rex Regum Qeon: 410 poin, 6 WWCD \r\n5. 21NFT Esports: 373 poin, 4 WWCD \r\n6. AURA Esports: 369 poin, 4 WWCD \r\n7. Alter Ego Ares: 355 poin, 3 WWCD \r\n8. Pigmy Team: 353 poin, 4 WWCD \r\n9. Kagendra: 346 poin, 4 WWCD \r\n10. Bigetron Red Villains: 342 poin, 2 WWCD \r\n11. VOIN BULLS: 341 poin, 2 WWCD \r\n12. GLU SQUAD: 318 poin, 4 WWCD \r\n13. ARF Team: 276 poin, 4 WWCD \r\n14. HFX Esports: 250 poin, 0 WWCD \r\n15. Dewa United: 238 poin, 1 WWCD \r\n16. Team Dominatus: 120 poin, 0 WWCD', '2023-06-19', 1, 2),
(14, 'Perkenalan Ronaldo di Al Nassr: Ditonton 3 Miliar Orang, Kalahkan Final Piala Dunia 2022', 'Ronaldo Al Nassr.jpg', 'Siaran televisi momen perkenalan Cristiano Ronaldo di Al Nassr kabarnya ditonton oleh 3 miliar orang. Jumlah penonton itu mengalahkan partai final Piala Dunia 2022 Qatar.\r\n\r\nCristiano Ronaldo resmi diperkenalkan Al Nassr di Stadion Mrsool Park di ibu kota Arab Saudi, Riyadh, pada Selasa (3/1/2023).\r\n\r\nDilansir Marca, momen perkenalan Cristiano Ronaldo tersebut dihadiri langsung oleh 30.000 fans Al Nassr yang memadati Stadion Mrsool Park.\r\n\r\nTak hanya disaksikan oleh puluhan ribu pendukung Al Nassr yang hadir langsung di stadion, perkenalan Ronaldo juga disiarkan oleh 40 saluran televisi di seluruh dunia.\r\n\r\nJurnalis Pedro Sepulveda melaporkan, presentasi Cristiano Ronaldo sebagai pemain baru Al Nassr ditonton oleh 3 miliar orang melalui 40 channel televisi di seluruh dunia.\r\n\r\nJumlah itu mengalahkan siaran langsung final Piala Dunia 2022 Qatar di 40 saluran televisi yang sama.\r\n\r\nSepulveda menyebutkan, laga partai puncak Piala Dunia 2022 yang mempertemukan Argentina dengan Perancis disaksikan oleh 2 miliar penonton.', '2023-01-08', 6, 2),
(15, 'Sinopsis A Silent Voice, Film Anime tentang Siswi Tuli', 'A Silent Voice.jpg', 'A Silent Voice merupakan film anime yang dapat disaksikan di layanan streaming Netflix.\r\n\r\nFilm karya Naoko Yamada ini rilis pada 2016 dan diperankan oleh Miyi Irino, Saori Hayami, dan Aoi Yuki.\r\n\r\nA Silent Voice bercerita tentang siswi SMA tuli bernama Shoko Nishimiya (Saori Hayami) yang mencoba untuk beradaptasi dengan teman-temannya dan hidup selayaknya siswi SMA lainnya.\r\n\r\nSementara itu, Shoya Ishida (Miyu Irino) adalah seorang siswa SMA cuek yang senang mengganggu teman-temannya.\r\n\r\nSuatu ketika, Shoya bertemu dengan Shoko.\r\n\r\nShoya sering mengganggu Shoko, bahkan sampai melepas alat bantu dengar yang dimilikinya.\r\n\r\nMendengar hal tersebut, kepala sekolah memanggil semua siswa yang ikut terlibat dalam kasus yang menimpa Shoko.\r\n\r\nShoya pun menuduh semua teman-temannya akan tetapi kepala sekolah tidak mempercayainya.\r\n\r\nTeman-teman Shoya mulai menjauhinya karena mereka dituduh telah mengganggu Shoko.\r\n\r\nSampai akhirnya Shoya dijauhi oleh teman-temannya sendiri.', '2021-08-03', 3, 2),
(16, 'Redmi K70 Series akan Debut pada 29 November 2023, Intip Bocoran Spesifikasinya ', 'redmi k70.jpg', 'Xiaomi dikabarkan akan merilis smartphone terbarunya yakni Redmi K70 Series di China pada 29 November 2023.\r\n\r\nSama seperti pendahulunya, Redmi K70 akan hadir dengan tiga model yakni Redmi K70, Redmi K70 Pro, dan Redmi K70e.\r\n\r\nMenjelang peluncurannya, bocoran spesifikasi dari jajaran smartphone Redmi K70 mulai beredar.\r\nLantas, bagaimana bocoran spesifikasinya ?\r\n\r\nBocoran Spesifikasi Redmi K70\r\n\r\nSeri Redmi K70 akan hadir dengan desain yang benar-benar baru. Ponsel ini akan memiliki bodi dengan bingkai datar.\r\n\r\nRedmi K70e akan hadir dengan layar OLED berukuran 6,67 inci dengan resolusi 2712 x 1220 piksel dan kecepatan refresh 120Hz. Panel ini akan menawarkan kedalaman warna 12-bit (berbasis perangkat lunak) dan tingkat kecerahan puncak 1200 nits.\r\n\r\nPerangkat ini akan ditenagai prosesor MediaTek Dimensity 8300-Ultra yang dipadukan dengan RAM LPDDR5x dan penyimpanan UFS 4.0. Di bagian depan perangkat lunak, smartphone ini akan mem-boot HyperOS berbasis Android 14.\r\n\r\n\r\nPonsel ini akan menampilkan kamera selfie 16MP dan sistem tiga kamera di bagian belakang yang terdiri dari sensor utama OmniVision OV64B 64MP, unit ultrawide 8MP, dan kamera makro 2MP.\r\n\r\nRedmi K70e juga didukung baterai berkapasitas 5.500mAh dengan dukungan pengisian daya 90W.\r\n\r\nDi sisi lain, Redmi K70 dan Redmi K70 Pro masing-masing akan ditenagai prosesor Snapdragon 8 Gen 2 dan Snapdragon 8 Gen 3. Keduanya juga akan hadir dengan HyperOS berbasis Android 14.\r\n\r\nRedmi K70 dan Redmi K70 Pro diharapkan memiliki sensor utama OmniVision OV50E 50MP yang sama dan kamera ultrawide 8MP. Kamera ketiga pada varian standar akan menjadi unit 2MP. Sedangkan versi pro akan menggunakan kamera telefoto OmniVision OV50D 2x 50MP.\r\n\r\nUntuk model Redmi K70 akan hadir dengan baterai berkapasitas 5.000mAh, sedangkan Redmi K70 Pro akan hadir dengan baterai 5.120mAh dengan dukungan pengisian kabel 120W.\r\n', '2023-09-11', 2, 1),
(17, ' Samsung Bakal Sematkan Fitur AI di Smartphone Galaxy S24 ', 'samsung s24.jpg', 'Samsung telah mengonfirmasi akan menghadirkan pengalaman baru berbasis kecerdasan buatan (AI) untuk pengguna smartphone Galaxy S24.\r\n\r\nMenurut laporan terbaru dari The Elec, raksasa teknologi asal Korea Selatan itu akan menyematkan sejumlah fitur AI di smartphone Galaxy S24.\r\n\r\nUntuk menunjukkan betapa seriusnya aspek AI secara keseluruhan, perusahaan telah mengajukan permohonan merek dagang untuk nama-nama seperti AI Phone dan AI Smartphone.\r\n\r\nSamsung juga berharap untuk mendapatkan beberapa merek dagang lainnya, termasuk merek dagang pada logo dan nama untuk produk seperti Magic Pixel, Flex Magic, dan Flex Magic Pixel untuk produk augmented reality, layar ponsel cerdas, dan televisi, dengan fokus khusus pada kacamata AR.\r\n\r\nBocoran Spesifikasi Galaxy S24\r\n\r\nSamsung Galaxy S24 Series rencananya akan dirilis pada 17 Januari 2024.\r\n\r\nBerdasarkan bocoran terbaru, smartphone Galaxy S24 dan S24+ akan hadir dengan panel Dynamic AMOLED 2x LTPO dengan kecepatan refresh hingga 120Hz.\r\n\r\nPerangkat ini akan ditenagai oleh prosesor Snapdragon 8 Gen 3 dan Exynos 2400 di pasar tertentu.\r\n\r\nGalaxy S24 dan S24+ juga akan mengusung RAM hingga 12 GB dan penyimpanan 512 GB, berjalan pada OneUI 6 berbasis Android 14.\r\n\r\nUntuk fotografi, perangkat ini akan memiliki lensa utama 50 megapiksel, lensa sudut ultra lebar 12 megapiksel, dan lensa telefoto 10 megapiksel dengan zoom optik 3x. Kamera depannya memiliki sensor 12 megapiksel.\r\n\r\nKemudian Galaxy S24 akan dilengkapi baterai berkapasitas 4.700mAh, sedangkan Galaxy S24+ dilengkapi baterai berkapasitas 4.900mAh, keduanya juga telah mendukung pengisian cepat dengan kabel 45W dan pengisian nirkabel.\r\n\r\nSementara Galaxy S24 Ultra diharapkan menampilkan panel Dynamic AMOLED 2x LTPO dengan kecepatan refresh 144Hz.\r\n\r\nGalaxy S24 Ultra akan ditenagai oleh prosesor Snapdragon 8 Gen 3. yang dipasangkan dengan RAM hingga 16 GB dan penyimpanan 2 TB.\r\n\r\nUntuk fotografi, perangkat ini akan menampilkan lensa utama 200 megapiksel, lensa sudut ultra lebar 12 megapiksel, lensa periskop 50 megapiksel dengan zoom optik 5x, dan lensa telefoto 10 megapiksel dengan zoom optik 3x. Sedangkan kamera depannya dibekali sensor 12 megapiksel.\r\n\r\nSelain itu, S24 Ultra dikatakan akan hadir dengan Bingkai Titanium dan dilengkapi fitur tahan air dan debu IP68.\r\n', '2023-04-06', 2, 2),
(18, 'Penipuan di WhatsApp Menyasar Nasabah Perbankan, Ini Saran Menkominfo', '6568823dee778.jpg', 'Menteri Komunikasi dan Informatika Menkominfo Budi Arie Setiadi menyatakan telah menyiapkan sejumlah strategi untuk mengatasi maraknya penipuan di era digital.\r\n\r\nSalah satunya dengan bank dan pelaku jasa keuangan menggunakan Short Message Service (SMS) sebagai media pengiriman pesan notifikasi, autentikasi, dan promosi.\r\n\r\n“Ya bisa SMS, semuanya kita lakukan. Pokoknya ruang digital ini kita buat sehat ,” kata Budi di gedung DPR, Rabu (29/11/2023).\r\n\r\nPernyataan Budi itu menjawab pertanyaan tentang maraknya penipuan digital dan peretasan di WhatsApp. Pelaku tindak kejahatan tersebut menyasar rekening bank dan akun dompet digital milik masyarakat. Tidak tanggung-tanggung, kerugian yang diderita korban mencapai nilai miliaran rupiah.\r\n\r\nBudi mengatakan, Kemenkominfo bakal bekerja sama dengan semua pihak untuk mencegah kejadian penipuan berulang.\r\n\r\n“Sudah musim pemilu, hoaks, penipuan semuanya ada. Ya kita bekerja sama dengan operator seluler dan juga platform, dan sebagainya,” kata Budi.\r\n\r\nPernyataan Menkominfo tersebut memang beralasan. Data dan informasi keuangan yang dikirimkan oleh bank dan perusahaan jasa keuangan, berdasarkan UU Pelindungan Data Pribadi dikategorikan sebagai data pribadi yang bersifat spesifik.\r\n\r\nData dalam kategori ini wajib untuk dilindungi. Sebagai kementerian teknis, tentunya Kemenkominfo hanya bisa merekomendasikan layanan yang telah mereka tetapkan pengaturannya, serta mereka terbitkan perizinannya, seperti SMS.\r\n\r\nHingga saat ini tidak ada regulasi yang tegas mengatur layanan pengiriman pesan berbasiskan platform seperti WhatsApp. Akibatnya, layanan seperti WhatsApp tidak menerapkan prinsip know your customer (KYC). Pusat layanan pelanggan dan pusat pengoperasian pun tidak disediakan di Indonesia. Korban penipuan di WhatsApp tidak tau kemana harus melapor. Akibatnya, masyarakat selaku konsumen yang dirugikan.\r\n\r\nUpaya untuk menata layanan tersebut pernah dilakukan Kemenkominfo pada saat penyusunan UU Cipta Kerja. Namun hal tersebut tidak terwujud karena adanya tekanan luar biasa dari OTT seperti Google dan Facebook dengan memanfaatkan kedutaan besar Amerika Serikat yang ada di Indonesia.\r\n\r\nHal ini sebagaimana disampaikan sebelumnya oleh Wayan Toni Supriyanto, Direktur Jenderal Penyelenggaraan Pos dan Informatika (PPI) Kominfo dalam Konferensi Pers Antisipasi Penipuan Online Melalui Aduan Nomor pada Rabu, 15 November 2023.\r\n\r\n“Namun pada saat finalisasi UU Cipta Kerja ada tekanan luar biasa dari mereka. Saat itu Google dan Facebook kirim surat keberatan ke Kominfo. Bahkan Kedutaan Amerika Serikat sempat mengirim surat ke Menko Perekonomian mengenai penolakan,” ucap Wayan.\r\n\r\nDi sisi lain, sebagai layanan yang telah terdapat pengaturannya, SMS memiliki pusat layanan pelanggan dan pusat pengoperasian di Indonesia. Pengirim SMS dapat tervalidasi dengan baik, karena sudah terhubung ke data kependudukan di Direktorat Jenderal Kependudukan dan Catatan Sipil Kemendagri. Dari aspek penegakan hukum, sudah terdapat aturan yang tegas tentang lawful intercept dan akses aparat penegak hukum.\r\n\r\nMempertimbangkan kondusifitas menjelang Pemilu 2024, dan untuk mencegah agar tidak ada lagi masyarakat yang menjadi korban, sangat logis jika Menkominfo mengiyakan SMS sebagai upaya mitigasi.\r\n\r\nKedepannya, bank dan perusahaan penyedia jasa keuangan dapat mempertimbangkan kembali penggunaan WhatsApp setelah terdapat pengaturan yang tegas dan jelas tentang layanan tersebut, sehingga kepentingan masyarakat selaku konsumen dapat terlindungi dengan baik.\r\n', '2023-11-24', 2, 3),
(19, 'Google akan Hapus Gmail yang Tidak Aktif Mulai 1 Desember 2023', '656882d2677f2.jpg', 'Mulai 1 Desember, Google akan mulai menghapus akun Gmail yang tidak aktif.\r\n\r\nAkun Gmail yang dihapus adalah akun yang tidak digunakan setidaknya selama dua tahun.\r\n\r\nJika akun Gmail tidak digunakan dalam waktu lama, akun tersebut akan disusupi, dikutip dari laman resmi Google.\r\n\r\nHal ini dapat terjadi kerena akun menggunakan kata sandi lama atau belum menyiapkan autentikasi dua faktor.\r\n\r\nSehingga kemanan akun ini tidak terjaga dengan baik oleh pengguna.\r\n\r\n&quot;Analisis internal kami menunjukkan bahwa akun yang ditinggalkan setidaknya 10x lebih kecil kemungkinannya dibandingkan akun aktif untuk menyiapkan verifikasi 2 langkah,&quot; kata pihak Google.\r\n\r\nBaca juga: Google Rilis Fitur Baru untuk Lindungi Pengguna Maps dari Konten Palsu dan Ulasan Berbahaya\r\n\r\n&quot;Artinya, akun-akun ini seringkali rentan, dan ketika sebuah akun disusupi, akun tersebut dapat digunakan untuk apa saja, mulai dari pencurian identitas hingga vektor konten yang tidak diinginkan atau bahkan berbahaya, seperti spam,&quot; tambahnya.\r\n\r\nOleh karena itu, Google akan mengurangi risiko ini dengan memperbarui kebijakan ketidakaktifan akun Google menjadi 2 tahun.\r\n\r\nApabila tidak digunakan selama 2 tahun, Google akan menghapus akun dan konten-kontennya seperti Google Workspace (Gmail, Dokumen, Drive, Meet, Kalender), dan Google Foto.\r\n\r\nKebijakan ini hanya berlaku untuk akun Google pribadi dan akan dimulai 1 Desember 2023.\r\n\r\n&quot;Tanggal paling awal kami akan mulai menghapus akun adalah pada bulan Desember 2023,&quot; katanya.\r\n\r\nNamun tenang saja, nantinya bagi pengguna yang tidak mengaktifkan akunnya selama 2 tahun, maka akan mendapatkan peringatan dari Google.\r\n', '2023-08-04', 2, 4),
(20, 'Find X7 Juga akan Dapat Dukungan Fitur Konektivitas Satelit ', '656883657275d.jpg', 'Tidak mau kalah dari Huawei dan Apple, Oppo juga akan menyematkan fitur konektivitas satelit pada smartphone Find X7 yang akan datang.\r\n\r\nHuawei sudah menyematkan fitur ini di seri Mate 50 dan Mate 60.\r\n\r\nKonektivitas satelit memungkinkan ponsel cerdas Anda berkomunikasi melalui satelit, tidak hanya menggantungkan pada operator jaringan seluler.\r\n\r\nIntegrasi teknologi komunikasi satelit memberdayakan ponsel cerdas untuk menjalin koneksi bahkan dalam skenario ekstrem ketika tidak ada jaringan seluler, sehingga menjamin komunikasi dan potensi upaya penyelamatan.\r\n\r\nUsaha Oppo menerapkan teknologi ini melalui DCS menunjukkan masa depan di mana ponsel pintar dapat terhubung secara lancar dengan dunia luar, bahkan ketika jaringan konvensional tidak tersedia.\r\n\r\n\r\nFitur Komunikasi Satelit Galaxy S24\r\n\r\nSamsung juga telah mengungkapkan rencananya untuk menawarkan dukungan komunikasi satelit pada ponsel pintar seri Galaxy S24 mendatang.\r\n\r\nKabar tersebut disampaikan oleh Presiden Sistem LSI Samsung Park Yong-in dalam sebuah acara Sеmiconductor Expo (SEDEX) 2023 baru-baru ini.\r\nIklan untuk Anda: 30 Soal UTS, PTS Matematika Kelas 8 SMP Semester 1 Kurikulum Merdeka, Lengkap dengan Kunci Jawaban\r\nAdvertisement by\r\n\r\nPark tidak secara eksplisit menyebutkan seri Galaxy S24, tetapi ia mengatakan Samsung telah melakukan persiapan teknis untuk memungkinkan komunikasi menggunakan satelit.\r\n\r\nBanyak pihak menilai hal itu merupakan petunjuk kuat bahwa seri Galaxy S24 akan menjadi smartphone Samsung pertama yang mendukung komunikasi satelit.\r\n\r\nSamsung juga akan meningkatkan kinerja grafis ponsel pintarnya dengan meningkatkan ray tracing.\r\n\r\nRay tracing adalah fitur yang menghasilkan pantulan cahaya untuk menambah realisme pada game. Samsung pertama kali memperkenalkan ray tracing pada Galaxy S22 dengan chip Exynos 2200.\r\n\r\nMereka juga ingin menerapkan teknologi kecerdasan buatan (AI) generatif pada perangkat di Exynos 2400.\r\n\r\nAI Generatif adalah fitur yang memungkinkan asisten pribadi virtual memberikan respons ringkas dan mirip manusia, menghasilkan media (video dan foto), dan banyak lagi.\r\n', '2023-11-15', 2, 3),
(21, 'Ketua BEM UI dan UGM Ungkap Peretasan hingga Intimidasi Selama 2023', '656889ea13881.jpg', 'Ketua Badan Eksekutif Mahasiswa Universitas Indonesia (BEM UI) Melki Sedek Huang menyebut kejadian dugaan peretasan akun media sosial miliknya sudah sering terjadi.\r\n\r\nMelki menyebut peretasan akun media sosial miliknya terjadi empat atau lima kali semenjak ia menjabat sebagai Ketua BEM UI sepanjang tahun 2023 ini.\r\n\r\nDugaan peretasan terakhir menimpa akun WhatsApp miliknya, Sabtu (25/11) kemarin. Di mana saat itu akun WhatsApp miliknya tiba-tiba logout dengan sendirinya.\r\n\r\n\r\n&quot;Saya rasa itu sudah kejadian keempat atau kelima kali. Pernah juga akun Twitter (X), Instagram, tapi saya tidak tahu mungkin WhatsApp punya proteksi keamanan yang lebih rawan dibandingkan dengan akun-akun saya yang lain,&quot; kata Melki ditemui di depan Monumen Serangan Umum 1 Maret, Kota Yogyakarta, Rabu (29/11).\r\n\r\n&quot;Bahkan, tidak hanya saya. Akun Twitter resmi BEM UI pun sampai hari ini masih diretas,&quot; sambung dia.\r\n\r\nDari kejadian yang terakhir ini, Melki mengaku kehilangan seluruh percakapannya di WhatsApp setelah ia berhasil mengakses kembali akun miliknya terhitung 24 jam lebih semenjak dugaan peretasan itu terjadi.\r\n\r\n&quot;Dan chat-chat yang ada hilang,&quot; beber mahasiswa asli Pontianak, Kalimantan Barat itu.\r\n\r\nKejadian macam ini, kata Melki tak hanya terjadi pada dirinya saja. Infiltrasi hingga intimidasi seperti didatangi aparat keamanan turut dialaminya serta mahasiswa dan elemen masyarakat sipil lainnya. Ia menduga mereka yang bersikap kritis dibungkam.\r\n\r\n&quot;Saya rasa itu sudah menjadi bukti bahwa semakin panasnya menjelang Pilpres 2024, semakin panasnya juga hal-hal yang menimpa kelompok masyarakat kritis,&quot; imbuhnya.\r\n\r\nKetua BEM KM Universitas Gadjah Mada (UGM), Gielbran Muhammad Noor sementara itu mengaku juga sempat mendapatkan intimidasi.\r\n\r\nDia menduga hal itu terjadi karena dirinya beberapa kali sempat menjadi pemantik acara diskusi, yang salah satu kegiatannya mengundang Rocky Gerung, Refly Harun, hingga Saut Situmorang, September 2023 lalu.\r\n\r\nGielbran membeberkan pernah dihubungi nomor tak dikenal, mengaku berasal dari Fakultas Pertanian Universitas Pakuan, Bogor. Sosok tersebut bilang mendapat tugas untuk mewawancarai dirinya dan meminta CV miliknya.\r\n\r\nGielbran justru merasa tergelitik lantaran upaya dari sosok tersebut terlihat sangat amatiran.\r\n\r\n&quot;Saya cek tidak ada fakultas pertanian (di Pakuan), setelah saya tanyakan dia berdalih dan mengelak dari fakultas biologi. Mata kuliahnya soal ekonomi dan bisnis, tugasnya mewawancarai dan meminta CV ketua BEM KM UGM. Hal yang nggak makes sense,&quot; beber Gielbran.\r\n\r\nSampai akhirnya Gielbran memakai aplikasi Getcontact dan mengetahui nomor kontak yang menghubunginya adalah kepunyaan seorang intel suatu institusi milik negara.\r\n\r\n&quot;Saya punya bukti chatting-nya, bukti screenshoot-nya dan bukti Getcontact-nya,&quot; pungkasnya.\r\n\r\nSebelumnya, Pangdam XII/Tanjungpura Mayjen Iwan Setiawan mengklaim tidak ada anggota yang terlibat dalam dugaan intimidasi terhadap Melki dan keluarganya di Pontianak, Kalimantan Barat.\r\n\r\n&quot;Sampai dengan saat ini, tidak ada anggota saya yang terkait dengan hal tersebut,&quot; kata lewat pesan singkat kepada CNNIndonesia.com, Jumat (10/11).\r\n\r\nBantahan serupa juga diutarakan oleh Kapolda Kalimantan Barat Irjen Pipit Rismanto. Pipit menyatakan tidak ada anggota yang terlibat dalam dugaan intimidasi Melki dan keluarganya di Pontianak.\r\n\r\n&quot;Yang informasi awal kita duga apakah ada oknum anggota Polri, kita pastikan tidak ada oknum anggota Polri yang terlibat, kami pastikan tidak ada satupun anggota Polri yang melakukan tindakan-tindakan tercela yang tidak sesuai aturan,&quot; kata Pipit.\r\n\r\nPipit menegaskan jika masyarakat ada yang merasa terancam atau terintimidasi oleh anggota Polri, jangan ragu untuk melapor.\r\n\r\n&quot;Dari Polda Kalimantan Barat tentunya kita akan terbuka apabila ada hal-hal yang masyarakat merasa tidak nyaman atau merasa terintimidasi oleh oknum-oknum tertentu, silakan melaporkan secara resmi ke Polda Kalimantan Barat,&quot; kata dia.\r\n', '2023-11-01', 4, 1),
(22, 'Pakar: Politik Uang di Indonesia Tertinggi Ketiga di Dunia ', '65688b0113a71.jpeg', 'Guru Besar Ilmu Politik UIN Syarif Hidayatullah Jakarta, Burhanuddin Muhtadi menyebut Indonesia saat ini menjadi salah satu negara dengan tingkat praktik politik uang saat pemilu terbesar di dunia.\r\n\r\nMenurut Burhanuddin, Indonesia saat ini hanya kalah dari dua negara di Afrika, yakni Uganda dan Benin. Pernyataan itu disampaikan Burhanuddin dalam orasi pengukuhannya sebagai Guru Besar UIN Jakarta, Rabu (29/11).\r\n\r\n&quot;Ini menjadikan Indonesia sebagai negara dengan tingkat politik uang terbesar ketiga di dunia. Hanya kalah dibanding Uganda dan Benin,&quot; kata dia.\r\n\r\nBurhanuddin mengatakan data itu terungkap melalui hasil riset yang ia lakukan dalam dua Pilpres terakhir pada 2014 dan 2019. Hasilnya, sekitar 33 persen atau 62 juta dari total 187 juta pemilih yang masuk dalam daftar pemilih tetap (DPT) terlibat praktik jual beli suara.\r\n\r\nData itu juga ia ungkap dalam riset ilmiahnya berjudul &#039;Votes for Sale: Klientelisme, Defisit Demokrasi, dan Institusi&#039; yang dirilis dalam prosesi pengukuhannya sebagai profesor ilmu politik UIN Jakarta.\r\n\r\nDia menambahkan bahwa target politik yang sebagian besar menyasar para simpatisan partai politik yang angkanya mencapai 15 persen. Sementara, sisanya, 85 persen tak masuk dalam sasaran praktik politik uang karena dianggap tak bisa diandalkan. Mereka adalah kelompok pemilih mengambang atau swing voters.\r\n\r\n&quot;Mereka enggan membidik pemilih mengambang karena dianggap mereka menerima paket yang yang ditawarkan tapi soal pilihan tidak bisa dipastikan,&quot; kata Burhanuddin.\r\n\r\nBurhanuddin menyebut politik uang hanya menyumbang 10 persen suara. Namun, jumlah itu dinilai cukup efektif untuk terutama dalam konteks pemilihan legislatif dan bersaing dengan sesama calon dari partai yang sama.\r\n\r\n&quot;Angka 10 persen bisa menjadi faktor penentu kemenangan. Rata-rata margin kemenangan untuk mengalahkan rivalnya hanya 1,6 persen. Jadi, [jumlah 10 persen] bisa membuat perbedaan caleg yang menang dan yang kalah,&quot; kata dia.\r\n', '2023-08-16', 4, 2),
(23, 'Istana Respons Megawati Sindir yang Berkuasa Bertindak Seperti Orba ', '65688a2f63bf2.jpg', 'Koordinator Staf Khusus Presiden Ari Dwipayana merespons pernyataan Presiden ke-5 RI Megawati Soekarnoputri yang menilai pemerintahan saat ini tak ubahnya seperti zaman orde baru (Orba). Ari mengaku pernyataan tersebut sah saja di negara demokrasi.\r\n\r\n&quot;Negara demokrasi ya, semua orang bisa berpendapat, membuat penilaian. Saya kira itu cermin negara demokrasi,&quot; kata Ari di Istana Negara, Jakarta, Selasa (28/11).\r\n\r\nAri selanjutnya tidak ingin mengomentari pernyataan Megawati itu lebih lanjut. Ia menegaskan kritik itu merupakan hak dan kewenangan Megawati yang juga merupakan Ketua Umum PDIP.\r\n\r\nIa juga enggan mengomentari apakah maksud pernyataan Megawati itu terkait juga dengan putusan Mahkamah Konstitusi (MK) yang diduga memuluskan langkah putra sulung Presiden Joko Widodo, Gibran Rakabuming Raka sebagai cawapres\r\n\r\n&quot;Aku enggak memberi komentar, negara demokrasi, itu saja,&quot; imbuhnya.\r\n\r\nMegawati Soekarnoputri sebelumnya mengungkap kejengkelannya kepada pemerintah yang dinilai telah bertindak sewenang-wenang menjelang Pilpres 2024.\r\n\r\nMegawati mengaku tak tahan lagi untuk menyampaikan kritik tersebut. Dia mempertanyakan penguasa saat ini yang bertindak seperti era Orba.\r\n\r\nPernyataan itu Mega sampaikan dalam pidatonya di acara konsolidasi relawan pendukung capres-cawapres Ganjar Pranowo-Mahfud MD se-Jawa di JiExpo, Kemayoran, Jakarta Pusat, Senin (27/11).\r\n\r\n&quot;Mestinya Ibu enggak perlu ngomong gitu, tapi sudah jengkel. Karena apa, Republik ini penuh dengan pengorbanan, tahu tidak? Mengapa sekarang kalian yang baru berkuasa itu mau bertindak seperti waktu zaman Orde Baru,&quot; kata Megawati.\r\n\r\nMegawati selanjutnya menyoroti sejumlah aksi yang dinilai sewenang-wenang, seperti intimidasi dan intervensi kepada masyarakat. Menurut Mega, tindakan tersebut secara terang telah menyalahi perundang-undangan.\r\n', '2023-11-14', 4, 3),
(24, 'Mahfud Ungkap Banyak Anggota DPR Sok Keras di Rapat tapi Pesan Proyek', '65688d015a8f4.jpg', 'Calon wakil presiden (cawapres) nomor urut tiga, Mahfud MD mengungkap konflik kepentingan di pusaran anggota DPR RI menggunakan kewenangannya namun hanya demi kepentingan pribadi.\r\n\r\nMenurut Mahfud, banyak anggota dewan yang sok keras di rapat dengan menteri atau wakil pemerintah. Namun, sikap keras tersebut justru digunakan untuk memesan proyek dari pemerintah.\r\n\r\n&quot;Kadang kala menteri itu ditekan, sesudah ditekan gitu, bicara keras. Nanti sesudah keluar dari sidang, lalu pesan proyek, itu DPR, banyak itu, conflict of interest,&quot; ucap Mahfud dalam dialog publik dengan PP Muhammadiyah di kampus UMJ, Kamis (23/11).\r\n\r\nMahfud yang juga merupakan Menko Polhukam itu menyebut bahwa kekuasaan saat ini tak sedikiy bertindak eksesif atau melampau kewenangan. Mereka kerap terikat dengan konflik kepentingan pribadi.\r\n\r\nKondisi itu, kata dia, belakangan berimbas pada penurunan indeks korupsi di Indonesia. Dalam tiga tahun terakhir, ujar Mahfud, Indonesia terus mengalami penurunan indeks korupsi dari semula 38 pada 2021 menjadi 34 di 2022.\r\n\r\n&quot;Apa penjelasannya? Karena tadi, batas-batas kekuasaan itu bercampur baur,&quot; kata dia.\r\n\r\nMahfud mencontohkan banyak anggota dewan yang berlatar belakang pengusaha. Dengan latar belakang itu, tak sedikit anggota dewan yang memanfaatkannya untuk mengembangkan usaha mereka pribadi.\r\n\r\n&quot;Misalnya di lembaga legislatif, di lembaga legislatif itu ada orang yang menjadi anggota DPR sekaligus punya perusahaan,&quot; ucap Mahfud.\r\n\r\n&quot;Yang kemudian kalau ada nego-nego dengan pemerintah bagi pengembangan perusahaannya, digarap di legislatif, dalam forum rapat kerja dan sebagainya,&quot; imbuhnya.', '2023-11-16', 4, 4),
(25, 'KPK Kembali Tetapkan Hakim Agung Gazalba Saleh Tersangka Gratifikasi Rp 15 Miliar dan Pencucian Uang', '65688f03371c0.jpg', 'Komisi Pemberantasan Korupsi (KPK) kembali menetapkan Hakim Agung Gazalba Saleh (GS) sebagai tersangka.\r\n\r\nKali ini hakim agung kamar pidana Mahkamah Agung (MA) itu dijerat sangkaan penerimaan gratifikasi dan tindak pidana pencucian uang (TPPU).\r\n\r\n&quot;Lanjutan temuan fakta-fakta perbuatan pidana lain saat proses penyidikan perkara suap pengurusan perkara di MA RI, KPK kemudian mengembangkan perkarannya dan berdasarkan kecukupan alat bukti naik ke tahap penyidikan untuk dugaan penerimaan gratifikasi disertai tindakan dan upaya menempatkan, mentransfer, mengalihkan, menukarkan dengan mata uang asing sebagai TPPU, maka KPK menetapkan dan mengumumkan tersangka GS,&quot; kata Direktur Penyidikan KPK Asep Guntur Rahayu dalam jumpa pers di kantornya, Jakarta Selatan, Kamis (30/11/2023) malam.\r\n\r\nKPK langsung menahan Gazalba Saleh untuk 20 hari pertama, mulai 30 November 2023 hingga 19 Desember 2023 di Rutan KPK.\r\n\r\nDalam konstruksi perkara dijelaskan bahwa dalam jabatannya selaku hakim agung kamar pidana MA RI sejak 2017, Gazalba Saleh di beberapa perkara ditunjuk untuk menjadi salah satu anggota Majelis Hakim yang menangani permohonan kasasi maupun peninjauan kembali (PK) di MA.\r\n\r\nUntuk perkara yang pernah disidangkan dan diputus Gazalba, terdapat pengondisian terkait amar isi putusan yang mengakomodir keinginan dan menguntungkan pihak-pihak beperkara yang mengajukan upaya hukum di MA.\r\n\r\n&quot;Dari pengondisian isi amar putusan tersebut, GS menerima pemberian sejumlah uang sebagai bentuk penerimaan gratifikasi di antaranya untuk putusan dalam perkara kasasi dengan terdakwa Edhy Prabowo, Rennier Abdul Rahman Latief dan peninjauan kembali dari terpidana Jafar Abdul Gaffar,&quot; kata Brigjen Pol Asep Guntur.\r\n\r\nSebagai bukti permulaan awal dalam kurun waktu 2018-2022, KPK menemukan adanya aliran uang berupa penerimaan gratifikasi sejumlah sekitar Rp15 miliar.\r\n\r\nAtas penerimaan gratifikasi dimaksud, Gazalba kemudian melakukan pembelian berbagai aset bernilai ekonomis di antaranya:\r\n\r\n1. Pembelian cash 1 unit rumah yang berlokasi di salah satu cluster di wilayah Cibubur, Jakarta Timur dengan harga Rp7,6 miliar.\r\n2. 1 bidang tanah beserta bangunan di wilayah Tanjung Barat, Jagakarsa, Jakarta Selatan dengan harga Rp5 miliar.\r\n\r\nKPK turut mendapati adanya penukaran sejumlah uang ke beberapa money changer menggunakan identitas orang lain yang nilainya hingga miliaran rupiah.\r\n\r\n&quot;Penerimaan gratifikasi tidak pernah dilaporkan GS pada KPK dalam waktu 30 hari kerja sejak diterima termasuk tidak dicantumkannya aset-aset bernilai ekonomis lainnya dalam LHKPN,&quot; kata Asep.\r\n\r\nAtas perbuatannya, Gazalba Saleh disangkakan melanggar Pasal 12B Undang-Undang Republik Indonesia Nomor 31 Tahun 1999 tentang Pemberantasan Tindak Pidana Korupsi sebagaimana telah diubah dengan Undang-Undang Republik Indonesia Nomor 20 Tahun 2001 tentang Perubahan Atas Undang-Undang Nomor 31 Tahun 1999 tentang Pemberantasan Tindak Pidana Korupsi dan Pasal 3 Undang-Undang Nomor 8 Tahun 2010 tentang Pencegahan dan Pemberantasan Tindak Pidana Pencucian Uang.\r\n\r\nDivonis Bebas dan Menang Kasasi\r\n\r\nUntuk diketahui, Gazalba Saleh divonis bebas oleh majelis hakim Pengadilan Tipikor pada Pengadilan Negeri (PN) Bandung, Kamis, 2 Agustus 2023.\r\n\r\nMajelis hakim yang diketuai oleh Joserizal itu menilai Gazalba tidak bersalah seperti yang didakwakan jaksa penuntut umum (JPU) KPK.\r\n\r\nGazalba Saleh pun lolos dari kasus suap pengurusan perkara di Mahkamah Agung (MA).\r\n\r\nKPK kemudian melawan lewat kasasi. Namun, KPK kembali kalah. Kasasi yang diajukan JPU KPK terkait vonis bebas Gazalba Saleh di pengadilan tingkat pertama kandas di palu hakim MA.\r\n', '2023-08-02', 4, 1);
INSERT INTO `posts` (`id`, `judul`, `img`, `body`, `publish`, `category_id`, `author_id`) VALUES
(28, 'Toyota Hilux Hybrid Mulai Diniagakan Tahun 2024', '657137f931492.jpg', 'Toyota akan mulai memasarkan Hilux Hybrid 48V di tahun 2024. Hilux akan memakai versi hybrid ringan dengan motor atau generator listrik kompak yang digerakkan oleh sabuk yang bisa mengisi daya baterai lithium kecil.\r\n\r\nMasih memakai mesin turbo diesel empat silinder 2,8 liter telah diubah untuk mendukung penambahan sistem 48V yang disesuaikan dengan kebutuhan dan baterai lithium kecil dipasang di bawah kursi belakang dan beratnya hanya 7,6 kg.\r\n\r\nSaat terisi penuh, baterainya menyumbangkan tenaga sebesar 16 hp (12 kW / 16 PS) dan torsi 65 Nm (48 lb-ft) ke ICE.\r\n\r\nMesin dieselnya menghasilkan tenaga yang sama, yaitu 203 hp (150 kW / 204 PS) dan 500 Nm (369 lb-ft) seperti pada Hilux non-listrik.\r\n\r\nToyota mengatakan bahwa mesinnya juga kompatibel dengan mesin diesel non-fosil HVO100, sehingga semakin meningkatkan kredibilitas lingkungannya, dikutip dari Carscoops.\r\n\r\nToyota Hilux Hybrid 48V tersedia secara eksklusif dalam bentuk kabin ganda, berukuran panjang 5.325 mm dengan panjang bak 1.525 mm.\r\n\r\nTidak ada perubahan visual dibandingkan versi non-listrik, karena Toyota bahkan tidak repot-repot menambahkan emblem “mild-hybrid”.\r\n\r\nHilux Hybrid dilengkapi sistem Multi-terrain Select baru dengan mode berkendara Dirt, Sand, Mud, Deep Snow dan Rock, membantu pengemudi mengatasi kondisi off-road yang keras.\r\n\r\n\r\nMereka yang mengendarai pikap melintasi sungai atau di kolam akan senang mengetahui bahwa Hilux hybrid ringan memiliki kedalaman gelombang 700 mm (27,6) berkat komponen elektrifikasi yang kedap air.\r\n\r\nSistem Infotainment 8 inci mendapatkan dukungan nirkabel untuk Android Auto dan Apple CarPlay, sementara trim kelas atas menawarkan fitur kendali jarak jauh melalui smartphone.\r\n\r\nRangkaian ADAS Toyota Safety Sense telah ditingkatkan, mengikuti contoh Hilux spek JDM. Toyota Hilux Hybrid 48V 2024 akan tiba di dealer Eropa pada pertengahan tahun 2024.', '2023-12-05', 5, 1),
(29, 'Penjualan Tesla di China Anjlok 17,8 Persen, Tak Mampu Bersaing Dengan Produk Lokal ', '657138368c108.jpg', 'Penjualan mobil listrik Tesla Inc selama bulan November 2023 tercatat mengalami penurunan tajam, anjlok 17,8 persen menjadi 82.432 unit. Jadi penurunan terbesar yang dialami Tesla sejak Desember 2022.\r\n\r\nMenurut laporan Asosiasi Mobil Penumpang Tiongkok (CPCA) penurunan penjualan mulai dialami Tesla usai produsen kendaraan asal Amerika ini melakukan perang harga dengan mengobral mobil listrik Tesla Model 3 dan Model Y di pasar China.\r\n\r\nSelain memberlakukan pemangkasan harga, Elon Musk CEO Tesla juga aktif merilis sejumlah kendaraan listrik baru dengan harga yang jauh lebih murah ketimbang harga pasar, salah satunya modifikasi sedan Model S dan SUV Model X.\r\n\r\nPemotongan tersebut pada awalnya membantu Tesla menopang permintaan di tengah meningkatnya persaingan. Namun akibat pemotongan harga yang terus menerus dilakukan Tesla, para pembeli mulai geram. Mereka menuntut pengembalian uang untuk mobil yang mereka beli dengan harga yang lebih tinggi.\r\n\r\nAlasan tersebut yang membuat Tesla kehilangan pembeli, hingga penjualan mobil listrik besutannya mengalami penurunan tajam selama sebulan terakhir.\r\n\r\nPenurunan penjualan bukan kali pertama yang dialami Tesla, Pada awal Oktober lalu mobil listrik Tesla Inc di pabrik cabang China juga mengalami penurunan, hingga anjlok sebesar 10,9 persen hanya dalam kurun waktu sebulan terakhir, sebagaimana dikutip dari Reuters.\r\n\r\nBerbanding terbalik dengan Tesla, penjualan mobil lokal China justru mencatatkan lonjakan penjualan yang tajam. Seperti misalnya penjualan mobil BYD yang mencatatkan rekor penjualan hingga 301.378 unit pada November 2023.\r\n\r\nSementara itu penjualan dari seri EV Dynasty dan Ocean, serta beberapa model hybrid besutan BYD lainnya juga turut mengalami peningkatan sebesar 31 persen bila dibandingkan dengan bulan November tahun lalu.\r\n\r\nBerkat lonjakan ini, laba kuartalan BYD ikut melesat naik sebesar 204,7 persen menjadi 260,12 miliar yuan atau sekitar 35.65 miliar dolar AS. Hingga BYD sukses menyabet gelar sebagai produsen mobil paling laris di Tiongkok mengalahkan Tesla.\r\n', '2023-12-01', 5, 2),
(30, 'Tesla Cybertruck Mini Dijual Seharga Rp 23 Juta ', '65713882bc4cd.jpg', 'Setelah Tesla Cybertruck resmi dijual ke konsumen pada pekan lalu, pabrikan langsung menghadirkan versi mini yang khusus dibuat untuk anak-anak.\r\n\r\nCybertruck for Kids merupakan kendaraan listrik berukuran kecil yang diproduksi melalui kemitraan dengan Radio Flyer.\r\n\r\nPemasarannya mengikuti strategi yang sama dan menempatkan anak-anak penggemar Tesla pada kendaraan listrik mereka sendiri yang berwarna perak mengkilap.\r\n\r\n\r\nSpesifikasinya tidak jauh berbeda dengan berbagai mainan listrik ride-on, namun harga Cybertruck for Kids cukup menarik, dibanderol 1.500 dolar AS atau setara Rp 23,2 juta.\r\n\r\nDilansir dari Electrek, secara spesifikasi Cybertruck for Kids dapat menampung berat penumpang hingga 68 kg, dengan kursi yang dapat disesuaikan.\r\n\r\nPenggeraknya dilengkapi baterai lithium-ion 22V yang menawarkan jangkauan 20 km dan truk ini dilengkapi rem listrik melalui motor 500W yang menggerakkan roda belakang.\r\n\r\nKemungkinan besar ini bukan pengereman regeneratif, melainkan hanya membuat motor menjadi pendek agar lebih sulit berputar, sehingga mengakibatkan perlambatan.\r\n\r\nKendaraan ini memiliki panjang 168 cm dan berat 72 kg, membuatnya sedikit lebih ringan dibandingkan truk aslinya.\r\n', '2023-11-01', 5, 3),
(31, 'Neta V, Jagoan Baru Mobil Listrik di Indonesia!  ', '657138f0a6eb0.jpg', 'Pelan tapi pasti popularitas mobil listrik di Indonesia semakin meningkat. Masyarakat mulai sadar akan dampak positif penggunaan mobil listrik. Hal ini membuat beberapa pabrikan mobil listrik juga lebih percaya diri untuk memperkenalkan produk terbaru mereka di Indonesia, salah satunya Neta. Pabrikan otomotif asal Tiongkok tersebut baru saja merilis mobil listrik terbaru di pasar Indonesia, yakni Neta V.\r\n\r\nMobil Listrik Neta V pertama kali diperkenalkan di Tanah Air pada acara Gaikindo Indonesia International Auto Show (GIIAS) 2023. Di acara tersebut Neta memperkenalkan tiga tipe mobil listrik, salah satunya Neta V. Pada akhir Oktober lalu, PT Neta Auto Indonesia (NAI) resmi merilis harga mobil tersebut. Neta V dibanderol Rp 379 juta OTR Jakarta. Harga ini mengindikasikan bahwa Neta V masuk ke jajaran mobil listrik kelas menengah.\r\n\r\nSebagai mobil listrik pendatang baru, kehadiran Neta V di GIIAS 2023 cukup menyita perhatian. Ada beberapa kelebihan dari mobil ini yang membuat konsumen tertarik memilikinya. Untuk lebih jelasnya, berikut spesifikasi dan kelebihan yang terdapat pada Neta V.\r\n\r\nMesin Neta V\r\n\r\nDari sisi mesin, Neta membekali mobil ini dengan baterai lithium ion berkapasitas 40,7 kWh. Saat baterai terisi penuh, mobil ini mampu melaju hingga jarak 401 km. Motor elektrik di roda depan mampu menghasilkan tenaga hingga 70 kW atau setara dengan 93 hp dan torsi maksimum 150 Nm.\r\n\r\nSatu hal yang sangat menarik dari mobil ini adalah teknologi pengecasan. Neta V memiliki colokan tipe AC dengan tenaga 6,6 kW. Keberadaan colokan ini membuat proses pengecasan berjalan lebih cepat. Hanya perlu waktu 8 jam untuk proses pengecasan dari baterai kosong hingga penuh. Tak hanya itu, Neta juga menyediakan colokan DC untuk fast charging 100 kW. Colokan ini membuat proses pengecasan jauh lebih cepat, hanya butuh waktu 30 menit dari kondisi baterai 30 persen hingga 80%.\r\n\r\nPabrikan Tiongkok ini juga melengkapi Neta V dengan fitur Vehicle to Load (V2L) yang berperan sebagai generator berjalan. Keberadaan fitur ini cukup penting, khususnya bagi Anda yang suka traveling. Neta V mampu menyuplai listrik hingga 3.300 watt.\r\n\r\nDesain Eksterior\r\n\r\nDari mesin beralih ke desain luar mobil. Neta V memiliki dimensi panjang 4.070 mm, lebar 1.690 mm. tinggi 1.540 mm, jarak sumbu roda 2.420 mm, dan ground clearance 130 mm. Secara tampilan, mobil ini cenderung terlihat membulat, mulai dari depan hingga belakang. Mobil ini tidak memiliki gril seperti mobil pada umumnya. Namun hal tersebut tidak mengurangi kesan elegan dari mobil ini.\r\n\r\nUntuk pencahayaan, Neta V dibekali dengan lampu utama yang terintegrasi LED Daytime Running Lights (DRL) dengan teknologi proyektor. Terdapat pula LED High-mounted Stop Light yang baik untuk keselamatan pengguna saat berkendara. Di bagian samping terdapat Electric Outside Door Mirrors dan pelek bergaya alloy wheels 16 inci. Hal ini mampu menghadirkan kesan modern dan elegan. Secara keseluruhan tampilan luar mobil ini terlihat sangat modern dan elegan.\r\n\r\nDesain Interior\r\n\r\nBagian dalam mobil ini tidak kalah modern dibandingkan bagian luarnya. Terdapat head unit berukuran 14,6 inci berdiri, mirip dengan yang terdapat di Tesla. Ada banyak fitur menarik di dalamnya, dan semua fitur terintegrasi dengan smartphone Android dan iOS. Mobil ini juga dilengkapi dengan kamera parkir.\r\n\r\nSatu hal yang menarik dari mobil ini adalah terdapat tuas pemindah gigi di belakang setir. Tuas ini diberi nama Electronic Shifter. Di setir juga terdapat beberapa tombol lainnya, seperti audio steering switch dan cruise control. Mobil didesain untuk 5 orang penumpang.\r\n\r\nNeta juga membekali kendaraan ini dengan 2 USB port dan satu power supply 12 volt. Pengguna dapat memanfaatkannya untuk mengisi daya ponsel selama berkendara. Saat berkendara, pengguna akan semakin nyaman dengan adanya teknologi zero gravity di jok yang berbahan kulit. Masih di area jok, Neta V dibekali dengan ISOFIX di jok belakang yang memudahkan pengguna saat membawa anak.\r\n\r\n\r\nFitur Keselamatan Neta V\r\n\r\nMobil listrik Neta V juga menggunakan beberapa fitur keselamatan, antara lain Auto Vehicle Hold (AVH), Electronic Brakeforce Distribution (EBD), Hill-start Assist Control (HAC), Hill Descent Control System (HDC), Speed Sensing Auto Door Lock, dan dual front Airbags. Di samping itu, Neta juga menyematkan fitur Electronic Parking Brake (EPB), Anti-lock Braking System (ABS), Electronic Brakeforce Distribution (EBD), dan Tire Pressure Monitoring System (TPMS). Keberadaan fitur tersebut akan menjamin keselamatan para penumpang.', '2023-09-28', 5, 4),
(32, 'Daihatsu Taft Baru Bisa Jadi Rival Kuat Suzuki Jimny, Ini Gambarannya', '6571393d41e80.jpg', ' Suzuki Jimny akan segera mendapat rival baru, yakni Daihatsu Taft. Kabarnya Daihatsu akan segera merilis Taft baru bergaya off-road.\r\n\r\nTaft generasi baru pertama kali diluncurkan sebagai konsep empat tahun lalu, sebelum akhirnya berubah menjadi model produksi dan dapat menjadi basis untuk rival terdekat Suzuki Jimny.\r\n\r\nSebagai informasi, Taft pertama kali dibuat antara tahun 1974 dan 1984, merupakan kendaraan tangguh yang mirip dengan Jimny pada masa itu.\r\n\r\nTaft generasi terbaru saat ini dibangun dengan platform Daihatsu New Global Architecture (DNGA) dan menjadi kendaraan yang hanya bisa digunakan di jalanan, bukan segala medan.\r\n\r\nMelansir dari Carscoops, di model teranyarnya, Daihatsu akan memberikan desain yang sedikit berbeda dari Taft yang sudah ada, dimana kemungkinan perubahannya akan mencakup peningkatan ketinggian pengendaraan, bumper depan dan belakang yang lebih kokoh.\r\n\r\nInformasi mengenai kendaraan baru ini masih sangat sedikit, namun bisa dipastikan performa dari Taft pesaing Jimny ini akan lebih menarik, sebab Daihatsu memiliki pengalaman dengan kendaraan off-road kompak.\r\n\r\nTaft merupakan singkatan dari &#039;Tough and Almighty Fun Tool&#039; atau ‘Kendaraan Tur Roda Empat yang Tangguh dan Mahakuasa’, namun diubah menjadi ‘Alat Menyenangkan yang Tangguh and Mahakuasa’ untuk model saat ini.\r\n\r\nDalam desain DAMD, Taft digambarkan sebagai mobil off roda empat pintu dengan ground clearance cukup tinggi dan dibalut warna hijau army dan biru.', '2023-08-09', 5, 1);

-- --------------------------------------------------------

--
-- Table structure for table `user`
--

CREATE TABLE `user` (
  `id_user` int(11) NOT NULL,
  `username` varchar(50) NOT NULL,
  `password` varchar(260) NOT NULL,
  `roles` enum('admin','user') NOT NULL
) ENGINE=InnoDB DEFAULT CHARSET=utf8mb4 COLLATE=utf8mb4_general_ci;

--
-- Dumping data for table `user`
--

INSERT INTO `user` (`id_user`, `username`, `password`, `roles`) VALUES
(1, 'admin', '$2y$10$Y6Kc7/mZr2PLpPY.FLBXgu/DJSm/X6ngmR194IGlIBbHhMnQgMesy', 'admin'),
(2, 'babet', '$2y$10$.yBkZKYwzC5mnnf.e34rFuRSMXnaLt/JqU6hWe5C2ZNW8EOUh2XOS', 'user'),
(3, 'albert', '$2y$10$mz6fvKHzfUHuPxrFxvFL4.QLWKwm1.UQXUtmD6hi1Z96XdRXxhqY.', 'user');

--
-- Indexes for dumped tables
--

--
-- Indexes for table `author`
--
ALTER TABLE `author`
  ADD PRIMARY KEY (`id`);

--
-- Indexes for table `category`
--
ALTER TABLE `category`
  ADD PRIMARY KEY (`id`);

--
-- Indexes for table `comment`
--
ALTER TABLE `comment`
  ADD PRIMARY KEY (`id`),
  ADD KEY `FOREIGN` (`user_id`,`post_id`) USING BTREE,
  ADD KEY `post_id` (`post_id`);

--
-- Indexes for table `posts`
--
ALTER TABLE `posts`
  ADD PRIMARY KEY (`id`),
  ADD KEY `FOREIGN` (`category_id`) USING BTREE,
  ADD KEY `author_id` (`author_id`);

--
-- Indexes for table `user`
--
ALTER TABLE `user`
  ADD PRIMARY KEY (`id_user`);

--
-- AUTO_INCREMENT for dumped tables
--

--
-- AUTO_INCREMENT for table `author`
--
ALTER TABLE `author`
  MODIFY `id` int(11) NOT NULL AUTO_INCREMENT, AUTO_INCREMENT=5;

--
-- AUTO_INCREMENT for table `category`
--
ALTER TABLE `category`
  MODIFY `id` int(11) NOT NULL AUTO_INCREMENT, AUTO_INCREMENT=7;

--
-- AUTO_INCREMENT for table `comment`
--
ALTER TABLE `comment`
  MODIFY `id` int(11) NOT NULL AUTO_INCREMENT, AUTO_INCREMENT=44;

--
-- AUTO_INCREMENT for table `posts`
--
ALTER TABLE `posts`
  MODIFY `id` int(11) NOT NULL AUTO_INCREMENT, AUTO_INCREMENT=33;

--
-- AUTO_INCREMENT for table `user`
--
ALTER TABLE `user`
  MODIFY `id_user` int(11) NOT NULL AUTO_INCREMENT, AUTO_INCREMENT=4;

--
-- Constraints for dumped tables
--

--
-- Constraints for table `comment`
--
ALTER TABLE `comment`
  ADD CONSTRAINT `comment_ibfk_1` FOREIGN KEY (`post_id`) REFERENCES `posts` (`id`),
  ADD CONSTRAINT `comment_ibfk_2` FOREIGN KEY (`user_id`) REFERENCES `user` (`id_user`);

--
-- Constraints for table `posts`
--
ALTER TABLE `posts`
  ADD CONSTRAINT `posts_ibfk_1` FOREIGN KEY (`category_id`) REFERENCES `category` (`id`),
  ADD CONSTRAINT `posts_ibfk_2` FOREIGN KEY (`author_id`) REFERENCES `author` (`id`);
COMMIT;

/*!40101 SET CHARACTER_SET_CLIENT=@OLD_CHARACTER_SET_CLIENT */;
/*!40101 SET CHARACTER_SET_RESULTS=@OLD_CHARACTER_SET_RESULTS */;
/*!40101 SET COLLATION_CONNECTION=@OLD_COLLATION_CONNECTION */;
